{
    "SPEAKER_00": [
        7.181663837011885,
        9.796264855687607,
        14.151103565365027,
        17.096774193548388,
        154.5755517826825,
        155.55178268251274,
        278.2088285229202,
        278.32767402376913,
        282.6146010186757,
        284.6179966044143,
        284.88115449915114,
        294.1765704584041,
        299.5331069609508,
        303.93887945670633,
        306.018675721562,
        308.1494057724958,
        310.73005093378606,
        311.95246179966045,
        320.9507640067912,
        332.1477079796265,
        336.07809847198644,
        339.19354838709677,
        342.4193548387097,
        346.2224108658744,
        358.59932088285234,
        371.86757215619696,
        378.59932088285234
    ],
    "SPEAKER_01": [
        18.870967741935488,
        68.86247877758915,
        74.63497453310697,
        80.65365025466893,
        89.66044142614601,
        94.94057724957554,
        110.4923599320883,
        120.66213921901529,
        126.07809847198642,
        158.84550084889645,
        172.92020373514433,
        189.7453310696095,
        195.70458404074702,
        197.32597623089987,
        199.5840407470289,
        201.36672325976232,
        203.06451612903228,
        204.99151103565367,
        207.45331069609512,
        209.9151103565365,
        211.553480475382,
        213.66723259762313,
        215.8319185059423,
        217.8777589134126,
        220.38200339558574,
        222.97113752122243,
        225.49235993208828,
        227.80984719864176,
        230.7130730050934,
        233.62478777589135,
        236.1120543293718,
        238.51443123938884,
        242.6570458404075,
        255.98471986417655
    ],
    "SPEAKER_03": [
        35.687606112054326,
        44.49066213921901,
        56.018675721561976,
        98.02207130730051,
        101.9100169779287,
        129.3972835314092,
        136.84210526315792,
        148.24278438030564,
        262.9456706281834,
        393.21731748726654,
        400.2207130730052,
        404.3887945670628,
        409.8217317487267,
        416.4601018675722,
        427.40237691001704,
        464.5076400679117,
        491.49405772495754,
        501.5534804753821,
        510.8573853989814
    ],
    "SPEAKER_02": [
        382.7843803056028,
        522.088285229202,
        527.5806451612904,
        530.8404074702886,
        534.1765704584041,
        537.6740237691002,
        565.6027164685909,
        593.0560271646858,
        594.100169779287
    ]
}