{
    "SPEAKER_00": [
        [
            6.171477079796265,
            8.191850594227505
        ],
        [
            8.938879456706282,
            10.653650254668932
        ],
        [
            12.30050933786078,
            16.001697792869273
        ],
        [
            16.103565365025467,
            18.08998302207131
        ],
        [
            154.35483870967744,
            154.7962648556876
        ],
        [
            155.4414261460102,
            155.6621392190153
        ],
        [
            278.1578947368421,
            278.25976230899835
        ],
        [
            278.276740237691,
            278.37860780984727
        ],
        [
            282.23259762309,
            282.99660441426147
        ],
        [
            284.5925297113753,
            284.6434634974533
        ],
        [
            284.7792869269949,
            284.98302207130735
        ],
        [
            293.4889643463498,
            294.8641765704584
        ],
        [
            296.15449915110355,
            302.911714770798
        ],
        [
            303.2003395585739,
            304.6774193548388
        ],
        [
            305.2886247877759,
            306.74872665534804
        ],
        [
            307.03735144312395,
            309.2614601018676
        ],
        [
            310.3140916808149,
            311.1460101867573
        ],
        [
            311.41765704584043,
            312.4872665534805
        ],
        [
            312.70797962648555,
            329.1935483870968
        ],
        [
            330.3310696095076,
            333.96434634974537
        ],
        [
            334.52461799660443,
            337.63157894736844
        ],
        [
            338.9049235993209,
            339.4821731748726
        ],
        [
            341.7572156196944,
            343.08149405772497
        ],
        [
            345.1188455008489,
            347.32597623089987
        ],
        [
            348.34465195246185,
            368.8539898132428
        ],
        [
            369.7538200339559,
            373.981324278438
        ],
        [
            378.3106960950764,
            378.88794567062826
        ]
    ],
    "SPEAKER_01": [
        [
            18.73514431239389,
            19.006791171477083
        ],
        [
            65.5263157894737,
            72.1986417657046
        ],
        [
            72.2495755517827,
            77.02037351443124
        ],
        [
            77.61460101867573,
            83.69269949066214
        ],
        [
            87.34295415959252,
            91.97792869269948
        ],
        [
            93.72665534804752,
            96.15449915110358
        ],
        [
            105.4753820033956,
            115.509337860781
        ],
        [
            118.3616298811545,
            122.96264855687608
        ],
        [
            124.830220713073,
            127.32597623089984
        ],
        [
            156.85059422750425,
            160.84040747028862
        ],
        [
            161.6893039049236,
            184.15110356536505
        ],
        [
            184.5755517826825,
            194.9151103565365
        ],
        [
            195.0,
            196.40916808149407
        ],
        [
            196.79966044142617,
            197.85229202037357
        ],
        [
            199.0067911714771,
            200.16129032258067
        ],
        [
            200.87436332767405,
            201.8590831918506
        ],
        [
            202.53820033955856,
            203.590831918506
        ],
        [
            204.33786078098476,
            205.6451612903226
        ],
        [
            206.018675721562,
            208.8879456706282
        ],
        [
            209.3633276740238,
            210.46689303904924
        ],
        [
            211.1290322580645,
            211.9779286926995
        ],
        [
            213.0305602716469,
            214.30390492359933
        ],
        [
            215.0509337860781,
            216.6129032258065
        ],
        [
            217.1731748726656,
            218.5823429541596
        ],
        [
            219.82173174872668,
            220.94227504244483
        ],
        [
            222.4193548387097,
            223.5229202037352
        ],
        [
            224.7283531409168,
            226.2563667232598
        ],
        [
            227.20713073005092,
            228.4125636672326
        ],
        [
            229.34634974533108,
            232.0797962648557
        ],
        [
            232.99660441426147,
            234.25297113752123
        ],
        [
            235.4414261460102,
            236.78268251273343
        ],
        [
            237.58064516129036,
            239.4482173174873
        ],
        [
            241.02716468590836,
            244.28692699490665
        ],
        [
            254.9660441426146,
            257.00339558573853
        ]
    ],
    "SPEAKER_03": [
        [
            32.792869269949065,
            38.58234295415959
        ],
        [
            39.04074702886248,
            49.940577249575554
        ],
        [
            52.24957555178269,
            59.787775891341255
        ],
        [
            96.93548387096774,
            99.10865874363328
        ],
        [
            99.70288624787776,
            104.11714770797964
        ],
        [
            128.5483870967742,
            130.24617996604417
        ],
        [
            132.18166383701188,
            141.50254668930393
        ],
        [
            142.2156196943973,
            154.26994906621394
        ],
        [
            262.2665534804754,
            263.6247877758914
        ],
        [
            389.00679117147706,
            397.427843803056
        ],
        [
            397.8522920203735,
            402.5891341256368
        ],
        [
            403.5229202037351,
            405.2546689303905
        ],
        [
            405.6281833616299,
            414.01528013582345
        ],
        [
            414.2359932088285,
            418.68421052631584
        ],
        [
            418.76910016977934,
            436.03565365025474
        ],
        [
            457.258064516129,
            471.7572156196944
        ],
        [
            490.2461799660441,
            492.741935483871
        ],
        [
            494.8471986417658,
            508.2597623089984
        ],
        [
            509.804753820034,
            511.9100169779288
        ]
    ],
    "SPEAKER_02": [
        [
            381.5704584040748,
            383.9983022071308
        ],
        [
            519.4482173174872,
            524.7283531409169
        ],
        [
            525.3904923599321,
            529.7707979626487
        ],
        [
            530.195246179966,
            531.4855687606112
        ],
        [
            532.0118845500849,
            536.3412563667232
        ],
        [
            536.7147707979627,
            538.6332767402378
        ],
        [
            538.9049235993209,
            592.3005093378608
        ],
        [
            592.4872665534804,
            593.6247877758913
        ],
        [
            593.760611205433,
            594.4397283531409
        ]
    ]
}